{
    "accuracy": 0.9840519787359716,
    "macro_f1": 0.9817655409730148,
    "num_classes": 10,
    "test_samples": 1693
}