{
    "accuracy": [
        0.64975905418396,
        0.8592442274093628,
        0.8885366320610046,
        0.9170682430267334,
        0.9174486398696899,
        0.9221404790878296,
        0.9293684959411621,
        0.9336799383163452,
        0.9340603351593018,
        0.9338067173957825,
        0.899822473526001,
        0.9497844576835632,
        0.9573928713798523,
        0.9686786532402039,
        0.9724828600883484,
        0.9743849635124207,
        0.9812325835227966,
        0.9802181124687195,
        0.9818665981292725,
        0.9879533052444458
    ],
    "loss": [
        1.0882200002670288,
        0.4537144601345062,
        0.3469891846179962,
        0.27393588423728943,
        0.25729119777679443,
        0.22937990725040436,
        0.2136649191379547,
        0.19832052290439606,
        0.19668668508529663,
        0.19243638217449188,
        0.3162979781627655,
        0.14247705042362213,
        0.11784912645816803,
        0.08871905505657196,
        0.07723842561244965,
        0.06837674975395203,
        0.05163650959730148,
        0.049969084560871124,
        0.04921442270278931,
        0.03501112759113312
    ],
    "val_accuracy": [
        0.8711584210395813,
        0.902482271194458,
        0.9249408841133118,
        0.9290780425071716,
        0.9432623982429504,
        0.9397163391113281,
        0.9403073191642761,
        0.9456264972686768,
        0.9414893388748169,
        0.9462174773216248,
        0.8481087684631348,
        0.8995271921157837,
        0.9231678247451782,
        0.9491725564002991,
        0.9698581695556641,
        0.9722222089767456,
        0.9739952683448792,
        0.9799054265022278,
        0.9828605055809021,
        0.986997663974762
    ],
    "val_loss": [
        0.4789485037326813,
        0.34739023447036743,
        0.2611236274242401,
        0.24529187381267548,
        0.2040202021598816,
        0.20914247632026672,
        0.20677277445793152,
        0.18589910864830017,
        0.18715327978134155,
        0.18256795406341553,
        0.46138080954551697,
        0.3143325746059418,
        0.23231850564479828,
        0.14864151179790497,
        0.10166101157665253,
        0.0922095999121666,
        0.08796843141317368,
        0.07359335571527481,
        0.06474550813436508,
        0.056809600442647934
    ],
    "learning_rate": [
        0.0010000000474974513,
        0.0010000000474974513,
        0.0010000000474974513,
        0.0010000000474974513,
        0.0010000000474974513,
        0.0010000000474974513,
        0.0010000000474974513,
        0.00020000000949949026,
        0.00020000000949949026,
        0.00020000000949949026,
        9.999999747378752e-05,
        9.999999747378752e-05,
        9.999999747378752e-05,
        9.999999747378752e-05,
        9.999999747378752e-05,
        9.999999747378752e-05,
        9.999999747378752e-05,
        9.999999747378752e-05,
        9.999999747378752e-05,
        9.999999747378752e-05
    ]
}