{
    "loss": [
        1.091448426246643,
        0.45382121205329895,
        0.33652642369270325,
        0.2967257797718048,
        0.2594985067844391,
        0.24013878405094147,
        0.22219812870025635,
        0.2080897092819214,
        0.19251498579978943,
        0.18824906647205353,
        0.14722764492034912,
        0.11626342684030533,
        0.09665504842996597,
        0.08190906792879105,
        0.07259014993906021,
        0.06533006578683853,
        0.05441295728087425,
        0.048264987766742706,
        0.048273179680109024,
        0.03895770385861397
    ],
    "accuracy": [
        0.6536900997161865,
        0.8601318597793579,
        0.8943697810173035,
        0.9048947691917419,
        0.915800154209137,
        0.9212528467178345,
        0.9248034358024597,
        0.9292417168617249,
        0.9331727027893066,
        0.9383717775344849,
        0.9471215009689331,
        0.9573928713798523,
        0.9638599753379822,
        0.9689322710037231,
        0.9737509489059448,
        0.9753994345664978,
        0.9799644947052002,
        0.9819933772087097,
        0.9809789657592773,
        0.9865584373474121
    ],
    "val_loss": [
        0.47069236636161804,
        0.3393453359603882,
        0.2805112302303314,
        0.24392279982566833,
        0.21064592897891998,
        0.20242609083652496,
        0.17989622056484222,
        0.17876169085502625,
        0.1584630161523819,
        0.16447721421718597,
        0.13315989077091217,
        0.12111148238182068,
        0.10778093338012695,
        0.10582111030817032,
        0.09609086811542511,
        0.08791715651750565,
        0.09401321411132812,
        0.08500462025403976,
        0.07903584092855453,
        0.0758586898446083
    ],
    "val_accuracy": [
        0.8682032823562622,
        0.8995271921157837,
        0.9213948249816895,
        0.932624101638794,
        0.9373522400856018,
        0.9420803785324097,
        0.9491725564002991,
        0.945035457611084,
        0.9550827145576477,
        0.9503546357154846,
        0.9598108530044556,
        0.9633569717407227,
        0.9692671298980713,
        0.9716312289237976,
        0.9722222089767456,
        0.9757683277130127,
        0.9734042286872864,
        0.9775413870811462,
        0.9816784858703613,
        0.9816784858703613
    ]
}